well_id,province,district,depth_m,well_yield_m3_day,quality,lat,lng,source,year
DGR-0001,กาฬสินธุ์,อำเภอตัวอย่าง1,68,15.3,ปานกลาง,16.3535,103.4019,DGR-sample,2567
DGR-0002,กาฬสินธุ์,อำเภอตัวอย่าง2,34,32.3,ควรตรวจซ้ำ,16.3061,103.4866,DGR-sample,2567
DGR-0003,กาฬสินธุ์,อำเภอตัวอย่าง3,29,14.8,ดี,16.4316,103.368,DGR-sample,2567
DGR-0004,ขอนแก่น,อำเภอตัวอย่าง1,40,33.5,ควรตรวจซ้ำ,16.4159,102.8248,DGR-sample,2567
DGR-0005,ขอนแก่น,อำเภอตัวอย่าง2,45,36.3,ดี,16.5176,102.7379,DGR-sample,2567
DGR-0006,ขอนแก่น,อำเภอตัวอย่าง3,55,22.2,ดี,16.3546,102.919,DGR-sample,2567
DGR-0007,ขอนแก่น,อำเภอตัวอย่าง4,34,14.8,ดี,16.3977,102.7932,DGR-sample,2567
DGR-0008,ขอนแก่น,อำเภอตัวอย่าง5,44,36.2,ดี,16.4509,102.9819,DGR-sample,2567
DGR-0009,ชัยภูมิ,อำเภอตัวอย่าง1,52,14.4,ปานกลาง,15.9088,102.0656,DGR-sample,2567
DGR-0010,ชัยภูมิ,อำเภอตัวอย่าง2,83,22.8,ดี,15.8714,101.8937,DGR-sample,2567
DGR-0011,ชัยภูมิ,อำเภอตัวอย่าง3,42,35.2,ดี,15.9166,102.1399,DGR-sample,2567
DGR-0012,นครพนม,อำเภอตัวอย่าง1,52,20.3,ปานกลาง,17.3088,104.7366,DGR-sample,2567
DGR-0013,นครพนม,อำเภอตัวอย่าง2,70,20.0,ดี,17.4427,104.6813,DGR-sample,2567
DGR-0014,นครพนม,อำเภอตัวอย่าง3,74,19.3,ดี,17.3738,104.9269,DGR-sample,2567
DGR-0015,นครราชสีมา,อำเภอตัวอย่าง1,68,32.6,ดี,15.0254,102.2029,DGR-sample,2567
DGR-0016,นครราชสีมา,อำเภอตัวอย่าง2,77,13.7,ดี,15.0615,102.0703,DGR-sample,2567
DGR-0017,นครราชสีมา,อำเภอตัวอย่าง3,32,18.3,ควรตรวจซ้ำ,15.0829,102.0444,DGR-sample,2567
DGR-0018,นครราชสีมา,อำเภอตัวอย่าง4,69,27.0,ดี,14.8629,101.9919,DGR-sample,2567
DGR-0019,นครราชสีมา,อำเภอตัวอย่าง5,75,28.8,ปานกลาง,15.0441,102.0785,DGR-sample,2567
DGR-0020,บึงกาฬ,อำเภอตัวอย่าง1,65,24.0,ดี,18.5092,103.5415,DGR-sample,2567
DGR-0021,บึงกาฬ,อำเภอตัวอย่าง2,59,14.7,ดี,18.4683,103.5459,DGR-sample,2567
DGR-0022,บึงกาฬ,อำเภอตัวอย่าง3,38,35.8,ดี,18.3889,103.6154,DGR-sample,2567
DGR-0023,บุรีรัมย์,อำเภอตัวอย่าง1,66,41.9,ควรตรวจซ้ำ,14.9154,103.116,DGR-sample,2567
DGR-0024,บุรีรัมย์,อำเภอตัวอย่าง2,28,32.4,ดี,15.0445,103.1111,DGR-sample,2567
DGR-0025,บุรีรัมย์,อำเภอตัวอย่าง3,45,35.1,ปานกลาง,14.8735,103.0804,DGR-sample,2567
DGR-0026,มหาสารคาม,อำเภอตัวอย่าง1,57,12.1,ปานกลาง,16.3216,103.3786,DGR-sample,2567
DGR-0027,มหาสารคาม,อำเภอตัวอย่าง2,60,39.4,ปานกลาง,16.2825,103.3023,DGR-sample,2567
DGR-0028,มหาสารคาม,อำเภอตัวอย่าง3,40,16.6,ดี,16.1918,103.3836,DGR-sample,2567
DGR-0029,มุกดาหาร,อำเภอตัวอย่าง1,61,39.6,ควรตรวจซ้ำ,16.4872,104.5758,DGR-sample,2567
DGR-0030,มุกดาหาร,อำเภอตัวอย่าง2,51,38.4,ปานกลาง,16.4618,104.6423,DGR-sample,2567
DGR-0031,มุกดาหาร,อำเภอตัวอย่าง3,64,40.4,ดี,16.6096,104.8148,DGR-sample,2567
DGR-0032,ยโสธร,อำเภอตัวอย่าง1,76,28.0,ดี,15.6785,104.1326,DGR-sample,2567
DGR-0033,ยโสธร,อำเภอตัวอย่าง2,63,17.0,ควรตรวจซ้ำ,15.9017,104.1169,DGR-sample,2567
DGR-0034,ยโสธร,อำเภอตัวอย่าง3,41,39.9,ดี,15.8539,104.1097,DGR-sample,2567
DGR-0035,ร้อยเอ็ด,อำเภอตัวอย่าง1,70,31.5,ดี,16.1699,103.6354,DGR-sample,2567
DGR-0036,ร้อยเอ็ด,อำเภอตัวอย่าง2,43,18.7,ปานกลาง,15.9063,103.6662,DGR-sample,2567
DGR-0037,ร้อยเอ็ด,อำเภอตัวอย่าง3,65,18.6,ดี,16.1124,103.5177,DGR-sample,2567
DGR-0038,เลย,อำเภอตัวอย่าง1,32,39.2,ปานกลาง,17.3613,101.6414,DGR-sample,2567
DGR-0039,เลย,อำเภอตัวอย่าง2,70,26.6,ควรตรวจซ้ำ,17.3797,101.8507,DGR-sample,2567
DGR-0040,เลย,อำเภอตัวอย่าง3,64,29.3,ดี,17.5754,101.8122,DGR-sample,2567
DGR-0041,ศรีสะเกษ,อำเภอตัวอย่าง1,40,14.8,ดี,15.0763,104.2933,DGR-sample,2567
DGR-0042,ศรีสะเกษ,อำเภอตัวอย่าง2,83,33.9,ดี,14.9882,104.3885,DGR-sample,2567
DGR-0043,ศรีสะเกษ,อำเภอตัวอย่าง3,79,37.9,ดี,15.0275,104.3309,DGR-sample,2567
DGR-0044,สกลนคร,อำเภอตัวอย่าง1,36,24.7,ปานกลาง,17.1488,104.2623,DGR-sample,2567
DGR-0045,สกลนคร,อำเภอตัวอย่าง2,32,25.3,ควรตรวจซ้ำ,17.0394,104.1956,DGR-sample,2567
DGR-0046,สกลนคร,อำเภอตัวอย่าง3,62,37.1,ดี,17.2879,104.2546,DGR-sample,2567
DGR-0047,สุรินทร์,อำเภอตัวอย่าง1,38,24.2,ดี,14.7941,103.4603,DGR-sample,2567
DGR-0048,สุรินทร์,อำเภอตัวอย่าง2,31,16.9,ดี,15.0256,103.4196,DGR-sample,2567
DGR-0049,สุรินทร์,อำเภอตัวอย่าง3,78,35.6,ปานกลาง,14.8569,103.6272,DGR-sample,2567
DGR-0050,หนองคาย,อำเภอตัวอย่าง1,78,28.7,ดี,17.7764,102.679,DGR-sample,2567
DGR-0051,หนองคาย,อำเภอตัวอย่าง2,31,29.4,ควรตรวจซ้ำ,17.7483,102.6841,DGR-sample,2567
DGR-0052,หนองคาย,อำเภอตัวอย่าง3,31,29.5,ควรตรวจซ้ำ,18.0058,102.7493,DGR-sample,2567
DGR-0053,หนองบัวลำภู,อำเภอตัวอย่าง1,31,40.8,ดี,17.3054,102.3106,DGR-sample,2567
DGR-0054,หนองบัวลำภู,อำเภอตัวอย่าง2,32,32.3,ดี,17.1711,102.5725,DGR-sample,2567
DGR-0055,หนองบัวลำภู,อำเภอตัวอย่าง3,64,19.4,ควรตรวจซ้ำ,17.0619,102.3146,DGR-sample,2567
DGR-0056,อำนาจเจริญ,อำเภอตัวอย่าง1,70,29.5,ควรตรวจซ้ำ,15.8149,104.5582,DGR-sample,2567
DGR-0057,อำนาจเจริญ,อำเภอตัวอย่าง2,70,33.5,ดี,15.7997,104.5193,DGR-sample,2567
DGR-0058,อำนาจเจริญ,อำเภอตัวอย่าง3,69,21.0,ปานกลาง,15.9987,104.7607,DGR-sample,2567
DGR-0059,อุดรธานี,อำเภอตัวอย่าง1,28,25.7,ควรตรวจซ้ำ,17.5588,102.662,DGR-sample,2567
DGR-0060,อุดรธานี,อำเภอตัวอย่าง2,41,27.2,ดี,17.54,102.9043,DGR-sample,2567
DGR-0061,อุดรธานี,อำเภอตัวอย่าง3,84,19.3,ปานกลาง,17.3073,102.8901,DGR-sample,2567
DGR-0062,อุดรธานี,อำเภอตัวอย่าง4,73,21.1,ควรตรวจซ้ำ,17.2623,102.8851,DGR-sample,2567
DGR-0063,อุดรธานี,อำเภอตัวอย่าง5,47,40.0,ดี,17.5417,102.6803,DGR-sample,2567
DGR-0064,อุบลราชธานี,อำเภอตัวอย่าง1,35,38.7,ควรตรวจซ้ำ,15.1266,104.7945,DGR-sample,2567
DGR-0065,อุบลราชธานี,อำเภอตัวอย่าง2,41,33.5,ดี,15.2862,104.9659,DGR-sample,2567
DGR-0066,อุบลราชธานี,อำเภอตัวอย่าง3,60,26.7,ดี,15.1077,104.8371,DGR-sample,2567
DGR-0067,อุบลราชธานี,อำเภอตัวอย่าง4,45,13.3,ปานกลาง,15.3113,104.9011,DGR-sample,2567
DGR-0068,อุบลราชธานี,อำเภอตัวอย่าง5,44,16.8,ดี,15.2455,104.8383,DGR-sample,2567
